title,date_text,date_start,date_end,location,area,price,source_name,source_url,fetched_at
豊後高田昭和の町25周年「昭和の町感謝祭」,2026年4月29日（水・祝）～5月6日（水・振）,2026-04-29,,豊後高田昭和の町（大分県豊後高田市新町）,大分,,visit_oita_events,https://www.visit-oita.jp/events/detail/14349,2026-04-22T13:59:35.431128
第23回赤猫まつり,2026年4月29日（水）,2026-04-29,2026-04-29,臼杵市観光交流プラザ（臼杵市）,大分,,visit_oita_events,https://www.visit-oita.jp/events/detail/14339,2026-04-22T13:59:36.615354
ホーバー周遊便「ケーキ女子会」,2026年4月29日（水・祝）,2026-04-29,2026-04-29,西大分ホーバーターミナル（大分県大分市大字駄原2905-11）,大分,,visit_oita_events,https://www.visit-oita.jp/events/detail/14329,2026-04-22T13:59:39.368568
のつてらす1周年記念イベント,2026年4月29日（水・祝）,2026-04-29,2026-04-29,臼杵市多世代交流館のつてらす（臼杵市野津町大字野津市537-1）,大分,,visit_oita_events,https://www.visit-oita.jp/events/detail/14325,2026-04-22T13:59:40.713247
鹿嵐山（かならせやま） 山開き,2026年4月29日（水・祝）,2026-04-29,2026-04-29,鹿嵐山第一登山口駐車場（宇佐市院内町小野川内）,大分,,visit_oita_events,https://www.visit-oita.jp/events/detail/13904,2026-04-22T13:59:41.935764
大元神社例祭（おおもとじんじゃれいさい）,2026年4月29日（水・祝）,2026-04-29,2026-04-29,宇佐神宮奥の院（宇佐市御許山）,大分,,visit_oita_events,https://www.visit-oita.jp/events/detail/13900,2026-04-22T13:59:43.274821
ゆふいん温泉まつり,2026年4月29日（水・祝）,2026-04-29,2026-04-29,湯布院町国民宿舎跡地（由布市湯布院町川上2927-1）,大分,,visit_oita_events,https://www.visit-oita.jp/events/detail/13860,2026-04-22T13:59:44.701688
黒岳山開き,2026年4月29日（水・祝）,2026-04-29,2026-04-29,男池駐車場（由布市庄内町阿蘇野）,大分,,visit_oita_events,https://www.visit-oita.jp/events/detail/13861,2026-04-22T13:59:45.909307
傾山 山開き,2026年4月29日（水・祝）,2026-04-29,2026-04-29,傾山山頂・九折越広場（豊後大野市）,大分,,visit_oita_events,https://www.visit-oita.jp/events/detail/14317,2026-04-22T13:59:47.104147
野坂（のさか）神社 春季大祭,2026年4月28日（火）～4月29日（水・祝）,2026-04-28,,野坂神社（大分市三佐八坂）,大分,,visit_oita_events,https://www.visit-oita.jp/events/detail/13902,2026-04-22T13:59:48.353707
津江山系釈迦連峰山開き,2026年4月26日（日）,2026-04-26,2026-04-26,スノーピーク奥日田キャンプフィールド横（日田市前津江町大野64-1）,大分,,visit_oita_events,https://www.visit-oita.jp/events/detail/14320,2026-04-22T13:59:49.585733
おおつるマーケット,2026年4月26日（日）,2026-04-26,2026-04-26,おおつる交流センター（由布市庄内町東大津留６３６）,大分,,visit_oita_events,https://www.visit-oita.jp/events/detail/13449,2026-04-22T13:59:50.901871
2026 樽開き,2026年4月25日（土）～4月26日（日）,2026-04-25,,安心院葡萄酒工房（宇佐市安心院町下毛）,大分,,visit_oita_events,https://www.visit-oita.jp/events/detail/13898,2026-04-22T13:59:52.333079
第56回 ビーチクリーンアップin長洲,2026年4月25日（土）,2026-04-25,2026-04-25,長洲魚市場前広場（清掃場所：長洲海岸）,大分,,visit_oita_events,https://www.visit-oita.jp/events/detail/13899,2026-04-22T13:59:53.798442
中津みなとふじまつり（中津市）,2026年4月25日（土）,2026-04-25,2026-04-25,中津港・田尻緑地公園（中津市）,大分,,visit_oita_events,https://www.visit-oita.jp/events/detail/14319,2026-04-22T13:59:55.329488
別府初のホラーフェス「怪/異 KAI-I」,2026年4月24日（金）、25日（土）,2026-04-24,2026-04-24,別府ブルーバード会館／なかむら珈琲店／西法寺／別府北浜エリア周辺（別府市）,大分,,visit_oita_events,https://www.visit-oita.jp/events/detail/14351,2026-04-22T13:59:56.720272
由布院温泉神楽 ～月一の奉～,2026年4月19日（日）,2026-04-19,2026-04-19,湯布院乙丸公民館（由布市湯布院町川上2938-1）,大分,,visit_oita_events,https://www.visit-oita.jp/events/detail/13729,2026-04-22T13:59:58.094981
～くじゅう連山温泉郷～湯めぐりスタンプラリー2026,2026年4月19日（日）～9月7日（月）,2026-04-19,,各参加店舗（九重町）,大分,,visit_oita_events,https://www.visit-oita.jp/events/detail/14327,2026-04-22T13:59:59.578602
RENTARO室内オーケストラ九州 創立5周年記念 第10回定期演奏会,2026年4月19日（日）,2026-04-19,2026-04-19,竹田市総合文化ホール グランツたけた 廉太郎ホール（竹田市大字玉来1番地1）,大分,,visit_oita_events,https://www.visit-oita.jp/events/detail/14260,2026-04-22T14:00:00.925894
第73回くじゅう山開き,2026年4月19日（日）,2026-04-19,2026-04-19,久住山 山頂,大分,,visit_oita_events,https://www.visit-oita.jp/events/detail/13869,2026-04-22T14:00:03.223770
第51回 城東春まつり,2026年4月19日（日）,2026-04-19,2026-04-19,日岡公園（大分市向原西1丁目2）,大分,,visit_oita_events,https://www.visit-oita.jp/events/detail/13892,2026-04-22T14:00:04.612914
宇佐神宮 無料ガイド,2026年4月19日（日）,2026-04-19,2026-04-19,宇佐神宮（宇佐市南宇佐2859）,大分,,visit_oita_events,https://www.visit-oita.jp/events/detail/14307,2026-04-22T14:00:05.990347
くじゅう花公園「スプリングフラワーフェスタ～空とつながる天空の花畑～」,2026年4⽉18⽇（⼟）〜6⽉7⽇（⽇）,,,くじゅう花公園（大分県竹田市久住町大字久住4050）,大分,,visit_oita_events,https://www.visit-oita.jp/events/detail/14344,2026-04-22T14:00:07.636481
くじゅう花公園 春のワンちゃん大集合,2026年4月18日（土）～4月19日（日）,2026-04-18,,くじゅう花公園（竹田市久住町久住4050）,大分,,visit_oita_events,https://www.visit-oita.jp/events/detail/13852,2026-04-22T14:00:08.973368
サロン・ド・オカモトヤ ― 五月・端午の節句を迎える室礼教室 ―,2026年4月17日（金）,2026-04-17,2026-04-17,明礬温泉 岡本屋（大分県別府市明礬4組）,大分,,visit_oita_events,https://www.visit-oita.jp/events/detail/14311,2026-04-22T14:00:10.367960
西寒多神社（ささむたじんじゃ）ふじ祭り,2026年4月13日（月）～4月29日（水・祝）,2026-04-13,,西寒多神社境内（大分市大字寒田 ※カーナビ利用の場合は1644番地まで入力）,大分,,visit_oita_events,https://www.visit-oita.jp/events/detail/13893,2026-04-22T14:00:12.566233
SPA直入 スーパーサンデーフェスタ,2026年4月12日（日）,2026-04-12,2026-04-12,SPA直入（竹田市直入町大字上田北510-15）,大分,,visit_oita_events,https://www.visit-oita.jp/events/detail/14321,2026-04-22T14:00:13.732030
ネモフィラフェスティバル,2026年4月12日（日）,2026-04-12,2026-04-12,旧レストハウス洞門駐車場（中津市本耶馬渓町曽木）,大分,,visit_oita_events,https://www.visit-oita.jp/events/detail/13894,2026-04-22T14:00:15.296517
桧原マツ,2026年4月12日（日）,2026-04-12,2026-04-12,檜原山正平寺（中津市）,大分,,visit_oita_events,https://www.visit-oita.jp/events/detail/14318,2026-04-22T14:00:16.861830
神崎八幡神社春季大祭,2026年4月12日（日）,2026-04-12,2026-04-12,神崎八幡神社～神崎八区氏子宅（大分市神崎地区）,大分,,visit_oita_events,https://www.visit-oita.jp/events/detail/13903,2026-04-22T14:00:18.377622
竹田市歴史文化館 由学館 企画展「甲冑と武具—竹田に残る武士の装い—」,2026年4月11日（土）～6月14日（日）,2026-04-11,,竹田市歴史文化館 由学館（大分県竹田市竹田2083）,大分,,visit_oita_events,https://www.visit-oita.jp/events/detail/14345,2026-04-22T14:00:19.865493
フジ鑑賞会,4月中旬～4月下旬,,,千財農園（宇佐市大字四日市4388）,大分,,visit_oita_events,https://www.visit-oita.jp/events/detail/13895,2026-04-22T14:00:21.369570
第34回おおいた人とみどりふれあいいち,2026年4月7日（火）～5月6日（水・振替）,2026-04-07,,平和市民公園 多目的広場（大分市萩原緑町１）,大分,,visit_oita_events,https://www.visit-oita.jp/events/detail/13849,2026-04-22T14:00:22.890719
由布川峡谷開き,2026年4月5日（日）,2026-04-05,2026-04-05,由布川峡谷（由布市挾間町朴木14-2）,大分,,visit_oita_events,https://www.visit-oita.jp/events/detail/13857,2026-04-22T14:00:24.538544
漁師さんの朝市,2026年4月5日（日）、4月19日（日）,2026-04-05,2026-04-05,小祝漁港（中津市字小祝525-10）,大分,,visit_oita_events,https://www.visit-oita.jp/events/detail/14095,2026-04-22T14:00:26.186943
えぼし岳ぼたん桜まつり,2026年4月5日（日）～4月26日（日）,2026-04-05,,烏帽子岳（豊後大野市大野町藤北）、道の駅おおのぬくもりパーク（豊後大野市大野町田中43-10）,大分,,visit_oita_events,https://www.visit-oita.jp/events/detail/14316,2026-04-22T14:00:27.619534
豊臣ゆかりの地で謎解きウォークラリー,2026年4月5日（日）,2026-04-05,2026-04-05,日出町内,大分,,visit_oita_events,https://www.visit-oita.jp/events/detail/14315,2026-04-22T14:00:29.151203
ひたひこ沿線 酒蔵巡り,2026年4月5日（日）～4月26日（日）,2026-04-05,,日田彦山線BRTひこぼしライン沿線の酒蔵・道の駅（大分県日田市、福岡県朝倉郡・田川郡）,大分,,visit_oita_events,https://www.visit-oita.jp/events/detail/13863,2026-04-22T14:00:30.667558
劔八幡宮春季例大祭（けんか祭り）,2026年4月5日(日）,2026-04-05,2026-04-05,劔八幡宮（大分市東鶴崎3-8-23）,大分,,visit_oita_events,https://www.visit-oita.jp/events/detail/13874,2026-04-22T14:00:32.761624
宇佐のマチュピチュ「天空の市」,4月～11月の毎週土日祝日,,,西椎屋の景「宇佐のマチュピチュ」（宇佐市院内町西椎屋地区）,大分,,visit_oita_events,https://www.visit-oita.jp/events/detail/13866,2026-04-22T14:00:34.365320
第78回岡城桜まつり,2026年4月4日（土）,2026-04-04,2026-04-04,岡城跡・城下町界隈（竹田市大字竹田2889）,大分,,visit_oita_events,https://www.visit-oita.jp/events/detail/13854,2026-04-22T14:00:37.328263
第34回 おがたチューリップフェスタ2026,2026年4月3日（金）～4月12日（日）,2026-04-03,,原尻の滝周辺（豊後大野市緒方町原尻４１０）,大分,,visit_oita_events,https://www.visit-oita.jp/events/detail/13436,2026-04-22T14:00:38.859285
BOSTA SPORTS FESTIVAL,2026年4月2日（木）・3日（金）,2026-04-02,2026-04-02,豊後大野市三重町各スポーツ施設（種目ごとに異なります）,大分,,visit_oita_events,https://www.visit-oita.jp/events/detail/14214,2026-04-22T14:00:40.642900
るるパーク ネモフィラブルーフェスタ,2026年3月20日（金・祝）～5月6日（水・振休）,2026-03-20,,るるパーク（杵築市山香町大字日指1-1）,大分,,visit_oita_events,https://www.visit-oita.jp/events/detail/12983,2026-04-22T14:00:42.056123
臼杵市歴史資料館春季企画展,2026年3月28日（土）～6月22日（月）,2026-03-28,,臼杵市歴史資料館（臼杵市大字市浜808番1）,大分,,visit_oita_events,https://www.visit-oita.jp/events/detail/14324,2026-04-22T14:00:43.689872
長湯温泉しだれ桜の里 オープン,2026年3月26日～ ※見頃3月28日〜4月12日頃,2026-03-26,,長湯温泉しだれ桜の里（竹田市直入町大字長湯3142-15）,大分,,visit_oita_events,https://www.visit-oita.jp/events/detail/14298,2026-04-22T14:00:45.137869
夜桜お八,2026年3月27日（金）～4月5日（日）,2026-03-27,,八面山野外音楽堂（中津市三光田口3572番地8）,大分,,visit_oita_events,https://www.visit-oita.jp/events/detail/13876,2026-04-22T14:00:46.603188
大貞公園桜まつり,2026年3月27日（金）～4月5日（日）,2026-03-27,,大貞公園（中津市大字大貞）,大分,,visit_oita_events,https://www.visit-oita.jp/events/detail/13878,2026-04-22T14:00:48.118370
中津城二ノ丸公園桜まつり,2026年3月26日（木）～4月6日（月）,2026-03-26,,二ノ丸公園（中津市姫路町1235−10）,大分,,visit_oita_events,https://www.visit-oita.jp/events/detail/13877,2026-04-22T14:00:49.317203
臼杵城址桜まつり,2026年3月27日（金）～4月5日（日）,2026-03-27,,臼杵城址（臼杵市臼杵91）,大分,,visit_oita_events,https://www.visit-oita.jp/events/detail/13838,2026-04-22T14:00:50.765739
八幡講社大祭（はちまんこうしゃたいさい),2026年4月1日（水）,2026-04-01,2026-04-01,宇佐神宮（宇佐市南宇佐2859）,大分,,visit_oita_events,https://www.visit-oita.jp/events/detail/13867,2026-04-22T14:00:52.281559
長崎鼻「菜の花ライトアップ～月が照らす、菜の花の夜～」,2026年3月14日（土）～4月12日（日）※ライトアップは金・土・日のみ開催（計14日間）,2026-03-14,,長崎鼻リゾートキャンプ場 菜の花エリア（豊後高田市見目4060）,大分,,visit_oita_events,https://www.visit-oita.jp/events/detail/14300,2026-04-22T14:00:53.940298
観光潮干狩り,2026年3月15日（日）～5月31日（日）,2026-03-15,,和間海浜公園（宇佐市岩保新田１２９−３）,大分,,visit_oita_events,https://www.visit-oita.jp/events/detail/13862,2026-04-22T14:00:55.345857
第26回 アルゲリッチ音楽祭,2026年3月13日（金）～6月13日（土）,2026-03-13,,しいきアルゲリッチハウス、ビーコンプラザ、iichiko総合文化センター、平和市民公園能楽堂（別府市、大分市）,大分,,visit_oita_events,https://www.visit-oita.jp/events/detail/13529,2026-04-22T14:00:56.803989
別府八湯温泉まつり,2026年4月1日（水）～4月5日（日）,2026-04-01,,別府駅前通り、各地域の会場ほか（別府市内）,大分,,visit_oita_events,https://www.visit-oita.jp/events/detail/14308,2026-04-22T14:00:58.258797
春のさいき津々浦々 おさかなめぐり,2026年2月14日（土）～4月12日（日）,2026-02-14,,佐伯市内各参加店舗（佐伯市）,大分,,visit_oita_events,https://www.visit-oita.jp/events/detail/14294,2026-04-22T14:00:59.458701
長崎鼻菜の花フェスタ,2026年3月14日（土）～4月12日（日）,2026-03-14,,長崎鼻リゾートキャンプ場（豊後高田市見目4060）,大分,,visit_oita_events,https://www.visit-oita.jp/events/detail/13829,2026-04-22T14:01:00.823504
2026つくみ桜フォトコンテスト,2026年2月2日（月）～4月8日（水）,2026-02-02,,津久見市一円（津久見市）,大分,,visit_oita_events,https://www.visit-oita.jp/events/detail/13790,2026-04-22T14:01:02.189207
企画展「早川和作品」展,2026年2月21日（土）～2026年4月5日（日）,2026-02-21,2026-04-05,竹田市歴史文化館 由学館（竹田市大字竹田2083）,大分,,visit_oita_events,https://www.visit-oita.jp/events/detail/14268,2026-04-22T14:01:03.571169
